{"cameraMode":{"drawMode":0,"name":"Shaded","section":"Shading Mode"},"sceneLighting":false,"audioPlay":false,"sceneViewState":{"showFog":true,"showMaterialUpdate":false,"showSkybox":true,"showFlares":true,"showImageEffects":true,"showParticleSystems":true},"in2DMode":false,"pivot":{"x":21.15972328186035,"y":4.337087631225586,"z":-46.41093063354492},"rotation":{"x":0.009419727139174939,"y":-0.9614165425300598,"z":-0.03318202868103981,"w":-0.2729257047176361},"size":25.801372528076173,"orthographic":false}