{"cameraMode":{"drawMode":0,"name":"Shaded","section":"Shading Mode"},"sceneLighting":false,"audioPlay":false,"sceneViewState":{"showFog":true,"showMaterialUpdate":false,"showSkybox":true,"showFlares":true,"showImageEffects":true,"showParticleSystems":true},"in2DMode":false,"pivot":{"x":4.842400074005127,"y":1.742799997329712,"z":7.769100189208984},"rotation":{"x":0.09056669473648071,"y":-0.8486694097518921,"z":0.15443211793899537,"w":0.4977034032344818},"size":3.211251735687256,"orthographic":false}